{"Turkey": {"gini": 39.0, "name": "Turkey", "alpha3Code": "TUR", "area": 783562.0, "latlng": [39.0, 35.0], "capital": "Ankara", "population": 76667864}, "East Timor": {"gini": 31.9, "name": "East Timor", "alpha3Code": "TLS", "area": 14874.0, "latlng": [-8.83333333, 125.91666666], "capital": "Dili", "population": 1172390}, "Italy": {"gini": 36.0, "name": "Italy", "alpha3Code": "ITA", "area": 301336.0, "latlng": [42.83333333, 12.83333333], "capital": "Rome", "population": 60769102}, "Czech Republic": {"gini": 26.0, "name": "Czech Republic", "alpha3Code": "CZE", "area": 78865.0, "latlng": [49.75, 15.5], "capital": "Prague", "population": 10521600}, "Canada": {"gini": 32.6, "name": "Canada", "alpha3Code": "CAN", "area": 9984670.0, "latlng": [60.0, -95.0], "capital": "Ottawa", "population": 35540419}, "Kenya": {"gini": 47.7, "name": "Kenya", "alpha3Code": "KEN", "area": 580367.0, "latlng": [1.0, 38.0], "capital": "Nairobi", "population": 41800000}, "Saint Lucia": {"gini": 42.6, "name": "Saint Lucia", "alpha3Code": "LCA", "area": 616.0, "latlng": [13.88333333, -60.96666666], "capital": "Castries", "population": 184000}, "Costa Rica": {"gini": 50.7, "name": "Costa Rica", "alpha3Code": "CRI", "area": 51100.0, "latlng": [10.0, -84.0], "capital": "San Jos\u00e9", "population": 4713168}, "France": {"gini": 32.7, "name": "France", "alpha3Code": "FRA", "area": 640679.0, "latlng": [46.0, 2.0], "capital": "Paris", "population": 66078000}, "Ireland": {"gini": 34.3, "name": "Ireland", "alpha3Code": "IRL", "area": 70273.0, "latlng": [53.0, -8.0], "capital": "Dublin", "population": 6378000}, "Korea, South": {"gini": 31.3, "name": "Korea, South", "alpha3Code": "KOR", "area": 100210.0, "latlng": [37.0, 127.5], "capital": "Seoul", "population": 50423955}, "Argentina": {"gini": 44.5, "name": "Argentina", "alpha3Code": "ARG", "area": 2780400.0, "latlng": [-34.0, -64.0], "capital": "Buenos Aires", "population": 42669500}, "Norway": {"gini": 25.8, "name": "Norway", "alpha3Code": "NOR", "area": 323802.0, "latlng": [62.0, 10.0], "capital": "Oslo", "population": 5156450}, "Nigeria": {"gini": 48.8, "name": "Nigeria", "alpha3Code": "NGA", "area": 923768.0, "latlng": [10.0, 8.0], "capital": "Abuja", "population": 178517000}, "Bangladesh": {"gini": 32.1, "name": "Bangladesh", "alpha3Code": "BGD", "area": 147570.0, "latlng": [24.0, 90.0], "capital": "Dhaka", "population": 157486000}, "Ghana": {"gini": 42.8, "name": "Ghana", "alpha3Code": "GHA", "area": 238533.0, "latlng": [8.0, -2.0], "capital": "Accra", "population": 27043093}, "Israel": {"gini": 39.2, "name": "Israel", "alpha3Code": "ISR", "area": 20770.0, "latlng": [31.5, 34.75], "capital": "Jerusalem", "population": 8268400}, "Australia": {"gini": 30.5, "name": "Australia", "alpha3Code": "AUS", "area": 7692024.0, "latlng": [-27.0, 133.0], "capital": "Canberra", "population": 23696900}, "Myanmar (Burma)": {"gini": null, "name": "Myanmar (Burma)", "alpha3Code": "MMR", "area": 676578.0, "latlng": [22.0, 98.0], "capital": "Naypyidaw", "population": 61120000}, "Venezuela": {"gini": 44.8, "name": "Venezuela", "alpha3Code": "VEN", "area": 916445.0, "latlng": [8.0, -66.0], "capital": "Caracas", "population": 30206307}, "Guatemala": {"gini": 55.9, "name": "Guatemala", "alpha3Code": "GTM", "area": 108889.0, "latlng": [15.5, -90.25], "capital": "Guatemala City", "population": 15806675}, "Germany": {"gini": 28.3, "name": "Germany", "alpha3Code": "DEU", "area": 357114.0, "latlng": [51.0, 9.0], "capital": "Berlin", "population": 80783000}, "Chile": {"gini": 52.1, "name": "Chile", "alpha3Code": "CHL", "area": 756102.0, "latlng": [-30.0, -71.0], "capital": "Santiago", "population": 17819054}, "Belgium": {"gini": 33.0, "name": "Belgium", "alpha3Code": "BEL", "area": 30528.0, "latlng": [50.83333333, 4.0], "capital": "Brussels", "population": 11225469}, "China": {"gini": 47.0, "name": "China", "alpha3Code": "CHN", "area": 9640011.0, "latlng": [35.0, 105.0], "capital": "Beijing", "population": 1367110000}, "Spain": {"gini": 34.7, "name": "Spain", "alpha3Code": "ESP", "area": 505992.0, "latlng": [40.0, -4.0], "capital": "Madrid", "population": 46507760}, "Liberia": {"gini": 38.2, "name": "Liberia", "alpha3Code": "LBR", "area": 111369.0, "latlng": [6.5, -9.5], "capital": "Monrovia", "population": 4397000}, "Netherlands": {"gini": 30.9, "name": "Netherlands", "alpha3Code": "NLD", "area": 41850.0, "latlng": [52.5, 5.75], "capital": "Amsterdam", "population": 16881000}, "Greece": {"gini": 34.3, "name": "Greece", "alpha3Code": "GRC", "area": 131990.0, "latlng": [39.0, 22.0], "capital": "Athens", "population": 10992589}, "Denmark": {"gini": 24.0, "name": "Denmark", "alpha3Code": "DNK", "area": 43094.0, "latlng": [56.0, 10.0], "capital": "Copenhagen", "population": 5655750}, "Poland": {"gini": 34.1, "name": "Poland", "alpha3Code": "POL", "area": 312679.0, "latlng": [52.0, 20.0], "capital": "Warsaw", "population": 38496000}, "Palestinian Territory": {"gini": 35.5, "name": "Palestinian Territory", "alpha3Code": "PSE", "area": null, "latlng": [31.9, 35.2], "capital": "Ramallah", "population": 4550368}, "Macedonia": {"gini": 43.2, "name": "Macedonia", "alpha3Code": "MKD", "area": 25713.0, "latlng": [41.83333333, 22.0], "capital": "Skopje", "population": 2058539}, "United States": {"gini": 48.0, "name": "United States", "alpha3Code": "USA", "area": 9629091.0, "latlng": [38.0, -97.0], "capital": "Washington D.C.", "population": 319259000}, "Sweden": {"gini": 25.0, "name": "Sweden", "alpha3Code": "SWE", "area": 450295.0, "latlng": [62.0, 15.0], "capital": "Stockholm", "population": 9737521}, "Vietnam": {"gini": 35.6, "name": "Vietnam", "alpha3Code": "VNM", "area": 331212.0, "latlng": [16.16666666, 107.83333333], "capital": "Hanoi", "population": 89708900}, "Finland": {"gini": 26.9, "name": "Finland", "alpha3Code": "FIN", "area": 338424.0, "latlng": [64.0, 26.0], "capital": "Helsinki", "population": 5470437}, "Japan": {"gini": 38.1, "name": "Japan", "alpha3Code": "JPN", "area": 377930.0, "latlng": [36.0, 138.0], "capital": "Tokyo", "population": 127080000}, "Switzerland": {"gini": 33.7, "name": "Switzerland", "alpha3Code": "CHE", "area": 41284.0, "latlng": [47.0, 8.0], "capital": "Bern", "population": 8183800}, "Iran": {"gini": 38.3, "name": "Iran", "alpha3Code": "IRN", "area": 1648195.0, "latlng": [32.0, 53.0], "capital": "Tehran", "population": 77966400}, "Yemen": {"gini": 37.7, "name": "Yemen", "alpha3Code": "YEM", "area": 527968.0, "latlng": [15.0, 48.0], "capital": "Sana'a", "population": 25956000}, "Russia": {"gini": 40.1, "name": "Russia", "alpha3Code": "RUS", "area": 17124442.0, "latlng": [60.0, 100.0], "capital": "Moscow", "population": 146233000}, "Pakistan": {"gini": 30.0, "name": "Pakistan", "alpha3Code": "PAK", "area": 881912.0, "latlng": [30.0, 70.0], "capital": "Islamabad", "population": 188410000}, "Portugal": {"gini": 38.5, "name": "Portugal", "alpha3Code": "PRT", "area": 92090.0, "latlng": [39.5, -8.0], "capital": "Lisbon", "population": 10477800}, "Mexico": {"gini": 47.0, "name": "Mexico", "alpha3Code": "MEX", "area": 1964375.0, "latlng": [23.0, -102.0], "capital": "Mexico City", "population": 119713203}, "Egypt": {"gini": 30.8, "name": "Egypt", "alpha3Code": "EGY", "area": 1002450.0, "latlng": [27.0, 30.0], "capital": "Cairo", "population": 87668100}, "South Africa": {"gini": 63.1, "name": "South Africa", "alpha3Code": "ZAF", "area": 1221037.0, "latlng": [-29.0, 24.0], "capital": "Pretoria", "population": 54002000}, "India": {"gini": 33.4, "name": "India", "alpha3Code": "IND", "area": 3287590.0, "latlng": [20.0, 77.0], "capital": "New Delhi", "population": 1263930000}, "Azerbaijan": {"gini": 33.7, "name": "Azerbaijan", "alpha3Code": "AZE", "area": 86600.0, "latlng": [40.5, 47.5], "capital": "Baku", "population": 9552500}, "United Kingdom": {"gini": 34.0, "name": "United Kingdom", "alpha3Code": "GBR", "area": 242900.0, "latlng": [54.0, -2.0], "capital": "London", "population": 64105654}, "Austria": {"gini": 26.0, "name": "Austria", "alpha3Code": "AUT", "area": 83871.0, "latlng": [47.33333333, 13.33333333], "capital": "Vienna", "population": 8527230}, "Yugoslavia": {"gini": 36.2, "name": "Yugoslavia", "alpha3Code": "BIH", "area": 51209.0, "latlng": [44.0, 18.0], "capital": "Sarajevo", "population": 3791622}, "Colombia": {"gini": 55.9, "name": "Colombia", "alpha3Code": "COL", "area": 1141748.0, "latlng": [4.0, -72.0], "capital": "Bogot\u00e1", "population": 47907800}, "Iceland": {"gini": null, "name": "Iceland", "alpha3Code": "ISL", "area": 103000.0, "latlng": [65.0, -18.0], "capital": "Reykjavik", "population": 328170}, "Hungary": {"gini": 31.2, "name": "Hungary", "alpha3Code": "HUN", "area": 93028.0, "latlng": [47.0, 20.0], "capital": "Budapest", "population": 9879000}, "Taiwan": {"gini": null, "name": "Taiwan", "alpha3Code": "TWN", "area": 36193.0, "latlng": [23.5, 121.0], "capital": "Taipei", "population": 23424615}, "Cyprus": {"gini": null, "name": "Cyprus", "alpha3Code": "CYP", "area": 9251.0, "latlng": [35.0, 33.0], "capital": "Nicosia", "population": 858000}}